occtimesec,fs,fx,fs-3/11*fx
57835.50000000000,2298367778.202351,8427347762.881332,206.5074424743652
57836.50000000000,2298367783.944331,8427347783.936687,206.5070528984070
57837.50000000000,2298367789.695527,8427347804.985149,206.5177593231201
57838.50000000000,2298367795.398244,8427347826.041030,206.4779629707336
57839.50000000000,2298367801.131160,8427347847.093361,206.4693346023560
57840.50000000000,2298367806.853743,8427347868.144048,206.4508204460144
57841.50000000000,2298367812.585543,8427347889.183554,206.4445738792419
57842.50000000000,2298367818.305103,8427347910.229524,206.4243245124817
57843.50000000000,2298367824.031020,8427347931.277666,206.4098381996155
57844.50000000000,2298367829.744696,8427347952.322255,206.3840813636780
57845.50000000000,2298367835.498108,8427347973.359002,206.4001989364624
57846.50000000000,2298367841.211623,8427347994.404119,206.3741364479065
57847.50000000000,2298367846.917666,8427348015.433765,206.3448209762573
57848.50000000000,2298367852.664397,8427348036.469395,206.3545622825623
57849.50000000000,2298367858.390306,8427348057.511485,206.3417186737061
57850.50000000000,2298367864.109219,8427348078.550979,206.3225889205933
57851.50000000000,2298367869.820183,8427348099.577861,206.2989487648010
57852.50000000000,2298367875.567544,8427348120.631230,206.3044810295105
57853.50000000000,2298367881.270239,8427348141.652439,206.2741198539734
57854.50000000000,2298367887.014577,8427348162.682969,206.2828588485718
57855.50000000000,2298367892.759072,8427348183.717102,206.2907719612122
57856.50000000000,2298367898.459379,8427348204.750542,206.2546863555908
57857.50000000000,2298367904.175102,8427348225.772323,206.2371964454651
57858.50000000000,2298367909.916253,8427348246.807717,206.2414212226868
57859.50000000000,2298367915.610356,8427348267.835744,206.2006082534790
57860.50000000000,2298367921.343717,8427348288.842577,206.2048320770264
57861.50000000000,2298367927.086770,8427348309.868265,206.2136068344116
57862.50000000000,2298367932.802802,8427348330.883249,206.1982793807983
57863.50000000000,2298367938.521852,8427348351.910419,206.1826467514038
57864.50000000000,2298367944.235335,8427348372.925925,206.1646280288696
57865.50000000000,2298367949.959467,8427348393.949325,206.1551065444946
57866.50000000000,2298367955.671835,8427348414.966307,206.1355695724487
57867.50000000000,2298367961.391512,8427348435.969724,206.1270418167114
57868.50000000000,2298367967.118498,8427348456.992951,206.1204209327698
57869.50000000000,2298367972.843735,8427348478.006428,206.1147098541260
57870.50000000000,2298367978.597738,8427348499.017303,206.1384739875794
57871.50000000000,2298367984.315659,8427348520.021287,206.1280355453491
57872.50000000000,2298367990.004172,8427348541.030298,206.0868182182312
57873.50000000000,2298367995.717638,8427348562.044816,206.0690522193909
57874.50000000000,2298368001.443658,8427348583.043384,206.0681900978088
57875.50000000000,2298368007.150286,8427348604.054129,206.0446143150330
57876.50000000000,2298368012.868036,8427348625.058939,206.0337800979614
57877.50000000000,2298368018.584989,8427348646.059715,206.0232481956482
57878.50000000000,2298368024.304960,8427348667.060753,206.0156641006470
57879.50000000000,2298368030.052744,8427348688.059667,206.0364713668823
57880.50000000000,2298368035.758724,8427348709.057884,206.0156645774841
57881.50000000000,2298368041.447693,8427348730.067331,205.9747848510742
57882.50000000000,2298368047.205007,8427348751.057963,206.0073809623718
57883.50000000000,2298368052.904304,8427348772.050284,205.9814987182617
57884.50000000000,2298368058.619969,8427348793.051449,205.9695739746094
57885.50000000000,2298368064.288106,8427348814.045718,205.9120016098023
57886.50000000000,2298368070.017436,8427348835.040251,205.9155492782593
57887.50000000000,2298368075.741677,8427348856.024072,205.9169301986694
57888.50000000000,2298368081.446046,8427348877.021980,205.8945970535278
57889.50000000000,2298368087.172030,8427348898.006321,205.8975796699524
57890.50000000000,2298368092.887680,8427348918.999979,205.8876857757568
57891.50000000000,2298368098.580120,8427348939.996758,205.8537316322327
57892.50000000000,2298368104.292268,8427348960.973765,205.8448772430420
57893.50000000000,2298368110.012678,8427348981.958188,205.8422627449036
57894.50000000000,2298368115.731337,8427349002.946680,205.8367877006531
57895.50000000000,2298368121.448721,8427349023.923511,205.8332176208496
57896.50000000000,2298368127.153387,8427349044.905844,205.8154296875000
57897.50000000000,2298368132.848195,8427349065.890822,205.7870616912842
57898.50000000000,2298368138.558895,8427349086.869378,205.7763371467590
57899.50000000000,2298368144.278335,8427349107.850102,205.7737612724304
57900.50000000000,2298368149.982671,8427349128.822022,205.7584829330444
57901.50000000000,2298368155.690024,8427349149.797540,205.7452411651611
57902.50000000000,2298368161.400394,8427349170.771407,205.7354655265808
57903.50000000000,2298368167.096615,8427349191.747915,205.7108201980591
57904.50000000000,2298368172.822556,8427349212.716573,205.7180361747742
57905.50000000000,2298368178.492864,8427349233.691689,205.6678576469421
57906.50000000000,2298368184.230561,8427349254.669444,205.6843490600586
57907.50000000000,2298368189.942187,8427349275.640307,205.6766490936279
57908.50000000000,2298368195.651109,8427349296.596642,205.6702065467835
57909.50000000000,2298368201.337774,8427349317.565155,205.6381864547730
57910.50000000000,2298368207.046531,8427349338.533448,205.6283178329468
57911.50000000000,2298368212.757827,8427349359.493891,205.6231293678284
57912.50000000000,2298368218.467372,8427349380.456022,205.6157293319702
57913.50000000000,2298368224.169919,8427349401.416979,205.6016521453857
57914.50000000000,2298368229.888358,8427349422.377236,205.6036572456360
57915.50000000000,2298368235.592170,8427349443.346812,205.5884938240051
57916.50000000000,2298368241.287078,8427349464.302814,205.5681295394898
57917.50000000000,2298368247.013613,8427349485.250490,205.5816612243652
57918.50000000000,2298368252.700249,8427349506.217016,205.5501542091370
57919.50000000000,2298368258.396578,8427349527.167588,205.5326905250549
57920.50000000000,2298368264.094016,8427349548.122231,205.5152254104614
57921.50000000000,2298368269.817357,8427349569.063776,205.5272364616394
57922.50000000000,2298368275.508906,8427349590.019880,205.5034847259522
57923.50000000000,2298368281.207764,8427349610.969566,205.4887914657593
57924.50000000000,2298368286.911068,8427349631.920462,205.4782147407532
57925.50000000000,2298368292.594501,8427349652.869703,205.4482178688049
57926.50000000000,2298368298.298594,8427349673.818724,205.4389419555664
57927.50000000000,2298368304.004747,8427349694.757507,205.4345183372498
57928.50000000000,2298368309.706288,8427349715.700362,205.4243717193604
57929.50000000000,2298368315.394634,8427349736.649671,205.3992691040039
57930.50000000000,2298368321.094101,8427349757.589219,205.3879508972168
57931.50000000000,2298368326.814705,8427349778.533791,205.3963990211487
57932.50000000000,2298368332.523543,8427349799.469556,205.3954825401306
57933.50000000000,2298368338.191052,8427349820.404624,205.3534269332886
57934.50000000000,2298368343.887802,8427349841.338036,205.3410654067993
57935.50000000000,2298368349.609980,8427349862.276948,205.3526301383972
57936.50000000000,2298368355.312762,8427349883.210871,205.3461613655090
57937.50000000000,2298368361.010932,8427349904.147430,205.3343596458435
57938.50000000000,2298368366.680646,8427349925.079000,205.2954640388489
57939.50000000000,2298368372.388661,8427349946.004145,205.2966222763062
57940.50000000000,2298368378.099217,8427349966.938604,205.2977790832520
57941.50000000000,2298368383.785131,8427349987.861397,205.2774767875671
57942.50000000000,2298368389.456894,8427350008.793978,205.2403550148010
57943.50000000000,2298368395.188896,8427350029.723478,205.2643108367920
57944.50000000000,2298368400.875751,8427350050.647982,205.2444834709168
57945.50000000000,2298368406.568961,8427350071.562727,205.2336721420288
57946.50000000000,2298368412.257557,8427350092.487740,205.2154469490051
57947.50000000000,2298368417.958705,8427350113.410619,205.2103543281555
57948.50000000000,2298368423.656194,8427350134.333752,205.2015342712402
57949.50000000000,2298368429.355268,8427350155.249509,205.1963109970093
57950.50000000000,2298368435.025885,8427350176.175054,205.1599617004395
57951.50000000000,2298368440.731468,8427350197.092268,205.1608495712280
57952.50000000000,2298368446.428622,8427350218.005921,205.1542797088623
57953.50000000000,2298368452.131651,8427350238.927932,205.1513061523438
57954.50000000000,2298368457.817194,8427350259.833030,205.1354584693909
57955.50000000000,2298368463.500982,8427350280.743623,205.1163582801819
57956.50000000000,2298368469.196847,8427350301.653514,205.1095252037048
57957.50000000000,2298368474.882376,8427350322.567476,205.0912461280823
57958.50000000000,2298368480.562814,8427350343.474534,205.0697593688965
57959.50000000000,2298368486.265817,8427350364.385659,205.0697278976440
57960.50000000000,2298368491.944656,8427350385.291313,205.0470256805420
57961.50000000000,2298368497.648446,8427350406.189589,205.0512852668762
57962.50000000000,2298368503.327117,8427350427.096700,205.0280165672302
57963.50000000000,2298368509.014525,8427350447.998339,205.0149784088135
57964.50000000000,2298368514.712579,8427350468.901184,205.0122566223145
57965.50000000000,2298368520.390283,8427350489.800941,204.9900264739990
57966.50000000000,2298368526.093890,8427350510.697136,204.9946713447571
57967.50000000000,2298368531.772856,8427350531.600258,204.9727854728699
57968.50000000000,2298368537.464373,8427350552.497905,204.9649443626404
57969.50000000000,2298368543.150800,8427350573.391038,204.9532442092896
57970.50000000000,2298368548.833567,8427350594.282990,204.9382061958313
57971.50000000000,2298368554.525547,8427350615.180915,204.9307522773743
57972.50000000000,2298368560.211959,8427350636.076228,204.9184427261353
57973.50000000000,2298368565.879452,8427350656.970360,204.8875360488892
57974.50000000000,2298368571.565219,8427350677.850916,204.8786058425903
57975.50000000000,2298368577.258293,8427350698.745072,204.8732728958130
57976.50000000000,2298368582.943414,8427350719.632805,204.8617396354675
57977.50000000000,2298368588.627258,8427350740.517924,204.8496427536011
57978.50000000000,2298368594.303628,8427350761.394712,204.8323431015015
57979.50000000000,2298368599.993980,8427350782.286051,204.8250570297241
57980.50000000000,2298368605.690683,8427350803.169059,204.8263945579529
57981.50000000000,2298368611.373237,8427350824.050410,204.8140339851379
57982.50000000000,2298368617.053559,8427350844.928193,204.8004159927368
57983.50000000000,2298368622.749295,8427350865.808136,204.8016214370728
57984.50000000000,2298368628.411328,8427350886.690232,204.7685379981995
57985.50000000000,2298368634.087821,8427350907.567812,204.7511453628540
57986.50000000000,2298368639.770666,8427350928.437057,204.7423777580261
57987.50000000000,2298368645.460341,8427350949.315608,204.7379026412964
57988.50000000000,2298368651.154937,8427350970.192504,204.7388000488281
57989.50000000000,2298368656.819170,8427350991.065833,204.7103066444397
57990.50000000000,2298368662.497385,8427351011.931781,204.6978087425232
57991.50000000000,2298368668.176230,8427351032.800839,204.6850929260254
57992.50000000000,2298368673.856183,8427351053.670619,204.6732864379883
57993.50000000000,2298368679.540103,8427351074.533978,204.6672005653381
57994.50000000000,2298368685.211781,8427351095.400918,204.6478939056397
57995.50000000000,2298368690.892670,8427351116.267152,204.6379923820496
57996.50000000000,2298368696.563701,8427351137.127437,204.6198544502258
57997.50000000000,2298368702.247282,8427351157.993216,204.6127681732178
57998.50000000000,2298368707.923386,8427351178.854950,204.5993084907532
57999.50000000000,2298368713.609659,8427351199.710733,204.5976409912109
58000.50000000000,2298368719.285116,8427351220.577255,204.5822286605835
58001.50000000000,2298368724.965974,8427351241.431625,204.5755310058594
58002.50000000000,2298368730.652229,8427351262.290059,204.5731225013733
58003.50000000000,2298368736.329577,8427351283.145399,204.5626506805420
58004.50000000000,2298368741.994683,8427351304.001946,204.5396070480347
58005.50000000000,2298368747.663279,8427351324.853968,204.5212874412537
58006.50000000000,2298368753.350146,8427351345.705282,204.5214333534241
58007.50000000000,2298368759.028109,8427351366.557798,204.5123462677002
58008.50000000000,2298368764.694303,8427351387.406747,204.4924631118774
58009.50000000000,2298368770.371618,8427351408.249267,204.4854545593262
58010.50000000000,2298368776.040979,8427351429.097277,204.4689950942993
58011.50000000000,2298368781.724799,8427351449.946487,204.4666662216187
58012.50000000000,2298368787.391129,8427351470.789748,204.4484705924988
58013.50000000000,2298368793.078116,8427351491.631345,204.4513859748840
58014.50000000000,2298368798.742368,8427351512.474144,204.4312381744385
58015.50000000000,2298368804.415356,8427351533.316235,204.4200191497803
58016.50000000000,2298368810.093266,8427351554.162387,204.4126152992249
58017.50000000000,2298368815.742718,8427351574.998293,204.3795475959778
58018.50000000000,2298368821.412826,8427351595.835399,204.3668084144592
58019.50000000000,2298368827.091672,8427351616.677043,204.3615689277649
58020.50000000000,2298368832.760656,8427351637.507965,204.3493928909302
58021.50000000000,2298368838.427409,8427351658.339610,204.3347883224487
58022.50000000000,2298368844.103852,8427351679.173885,204.3291559219360
58023.50000000000,2298368849.772341,8427351700.005067,204.3164138793945
58024.50000000000,2298368855.449089,8427351720.840308,204.3108229637146
58025.50000000000,2298368861.113592,8427351741.666735,204.2953920364380
58026.50000000000,2298368866.777772,8427351762.492931,204.2796993255615
58027.50000000000,2298368872.450687,8427351783.319849,204.2725458145142
58028.50000000000,2298368878.131384,8427351804.146535,204.2732381820679
58029.50000000000,2298368883.805558,8427351824.972511,204.2676000595093
58030.50000000000,2298368889.463195,8427351845.796349,204.2460093498230
58031.50000000000,2298368895.144350,8427351866.617570,204.2486486434937
58032.50000000000,2298368900.787034,8427351887.436174,204.2135319709778
58033.50000000000,2298368906.464202,8427351908.256930,204.2123126983643
58034.50000000000,2298368912.121497,8427351929.074594,204.1920623779297
58035.50000000000,2298368917.787527,8427351949.891071,204.1808710098267
58036.50000000000,2298368923.452755,8427351970.711130,204.1679010391235
58037.50000000000,2298368929.112414,8427351991.528094,204.1502070426941
58038.50000000000,2298368934.784624,8427352012.342919,204.1456456184387
58039.50000000000,2298368940.454124,8427352033.156557,204.1386990547180
58040.50000000000,2298368946.101843,8427352053.965194,204.1113357543945
58041.50000000000,2298368951.771172,8427352074.775504,204.1051249504089
58042.50000000000,2298368957.442082,8427352095.590352,204.0992593765259
58043.50000000000,2298368963.098364,8427352116.394474,204.0816893577576
58044.50000000000,2298368968.765289,8427352137.199316,204.0745663642883
58045.50000000000,2298368974.412815,8427352158.010123,204.0464181900024
58046.50000000000,2298368980.087674,8427352178.812593,204.0478758811951
58047.50000000000,2298368985.746949,8427352199.617213,204.0331640243530
58048.50000000000,2298368991.412575,8427352220.416828,204.0261673927307
58049.50000000000,2298368997.060710,8427352241.220502,204.0005736351013
58050.50000000000,2298369002.727594,8427352262.020606,203.9947018623352
58051.50000000000,2298369008.392247,8427352282.816183,203.9878339767456
58052.50000000000,2298369014.040839,8427352303.616770,203.9635381698608
58053.50000000000,2298369019.719146,8427352324.409493,203.9711027145386
58054.50000000000,2298369025.382347,8427352345.202463,203.9634938240051
58055.50000000000,2298369031.034734,8427352365.996149,203.9448757171631
58056.50000000000,2298369036.685364,8427352386.788645,203.9248242378235
58057.50000000000,2298369042.352836,8427352407.581387,203.9215488433838
58058.50000000000,2298369048.008539,8427352428.372938,203.9068288803101
58059.50000000000,2298369053.667732,8427352449.162826,203.8960523605347
58060.50000000000,2298369059.331369,8427352469.949139,203.8906950950623
58061.50000000000,2298369064.988482,8427352490.734263,203.8791375160217
58062.50000000000,2298369070.644315,8427352511.522492,203.8654532432556
58063.50000000000,2298369076.290287,8427352532.306669,203.8430132865906
58064.50000000000,2298369081.954054,8427352553.094905,203.8372616767883
58065.50000000000,2298369087.617972,8427352573.876705,203.8334164619446
58066.50000000000,2298369093.290149,8427352594.655409,203.8386740684509
58067.50000000000,2298369098.934822,8427352615.440076,203.8148012161255
58068.50000000000,2298369104.568200,8427352636.209724,203.7837300300598
58069.50000000000,2298369110.231296,8427352656.992491,203.7787981033325
58070.50000000000,2298369115.894066,8427352677.762623,203.7769870758057
58071.50000000000,2298369121.551265,8427352698.541578,203.7671985626221
58072.50000000000,2298369127.193359,8427352719.315052,203.7437992095947
58073.50000000000,2298369132.859444,8427352740.081616,203.7462763786316
58074.50000000000,2298369138.500409,8427352760.855094,203.7217473983765
58075.50000000000,2298369144.160600,8427352781.630721,203.7158579826355
58076.50000000000,2298369149.810452,8427352802.393237,203.7032051086426
58077.50000000000,2298369155.459977,8427352823.163624,203.6880798339844
58078.50000000000,2298369161.130636,8427352843.929959,203.6951923370361
58079.50000000000,2298369166.770452,8427352864.698917,203.6707472801209
58080.50000000000,2298369172.414233,8427352885.459533,203.6525425910950
58081.50000000000,2298369178.078670,8427352906.223251,203.6541471481323
58082.50000000000,2298369183.717033,8427352926.984347,203.6303930282593
58083.50000000000,2298369189.366991,8427352947.744253,203.6185579299927
58084.50000000000,2298369195.012332,8427352968.503445,203.6023011207581
58085.50000000000,2298369200.671176,8427352989.256200,203.6013031005859
58086.50000000000,2298369206.313957,8427353010.019208,203.5814461708069
58087.50000000000,2298369211.973105,8427353030.773872,203.5802307128906
58088.50000000000,2298369217.627157,8427353051.526870,203.5743741989136
58089.50000000000,2298369223.270392,8427353072.282491,203.5569858551025
58090.50000000000,2298369228.909489,8427353093.037874,203.5355234146118
58091.50000000000,2298369234.558274,8427353113.787297,203.5253748893738
58092.50000000000,2298369240.208639,8427353134.534100,203.5175213813782
58093.50000000000,2298369245.858678,8427353155.286384,203.5078468322754
58094.50000000000,2298369251.507916,8427353176.032710,203.4989953041077
58095.50000000000,2298369257.145384,8427353196.783088,203.4772691726685
58096.50000000000,2298369262.799692,8427353217.528461,203.4737486839294
58097.50000000000,2298369268.432693,8427353238.268827,203.4502859115601
58098.50000000000,2298369274.103515,8427353259.011815,203.4639291763306
58099.50000000000,2298369279.738727,8427353279.755519,203.4417672157288
58100.50000000000,2298369285.375519,8427353300.494217,203.4225506782532
58101.50000000000,2298369291.024383,8427353321.235058,203.4148221015930
58102.50000000000,2298369296.668153,8427353341.982339,203.4002428054810
58103.50000000000,2298369302.311597,8427353362.711257,203.3903450965881
58104.50000000000,2298369307.946132,8427353383.436603,203.3725132942200
58105.50000000000,2298369313.593693,8427353404.176967,203.3636112213135
58106.50000000000,2298369319.229483,8427353424.914229,203.3437838554382
58107.50000000000,2298369324.868763,8427353445.646489,203.3288111686707
58108.50000000000,2298369330.515822,8427353466.376597,203.3222045898438
58109.50000000000,2298369336.160647,8427353487.105990,203.3135590553284
58110.50000000000,2298369341.791796,8427353507.830377,203.2926025390625
58111.50000000000,2298369347.437400,8427353528.560246,203.2846064567566
58112.50000000000,2298369353.086016,8427353549.288444,203.2800769805908
58113.50000000000,2298369358.722385,8427353570.014494,203.2638869285584
58114.50000000000,2298369364.361289,8427353590.741736,203.2499060630798
58115.50000000000,2298369370.010834,8427353611.461110,203.2487130165100
58116.50000000000,2298369375.641933,8427353632.176428,203.2301802635193
58117.50000000000,2298369381.277951,8427353652.901997,203.2137699127197
58118.50000000000,2298369386.923656,8427353673.617789,203.2097134590149
58119.50000000000,2298369392.549007,8427353694.332864,203.1854991912842
58120.50000000000,2298369398.208841,8427353715.050558,203.1950531005859
58121.50000000000,2298369403.837832,8427353735.768492,203.1736979484558
58122.50000000000,2298369409.470312,8427353756.479506,203.1577196121216
58123.50000000000,2298369415.120584,8427353777.195528,203.1581668853760
58124.50000000000,2298369420.752410,8427353797.908445,203.1410155296326
58125.50000000000,2298369426.383433,8427353818.616354,203.1244273185730
58126.50000000000,2298369432.017944,8427353839.327363,203.1104812622070
58127.50000000000,2298369437.665957,8427353860.033361,203.1114039421082
58128.50000000000,2298369443.286940,8427353880.742930,203.0843229293823
58129.50000000000,2298369448.931439,8427353901.448923,203.0817332267761
58130.50000000000,2298369454.564168,8427353922.156582,203.0669183731079
58131.50000000000,2298369460.198954,8427353942.855416,203.0565681457520
58132.50000000000,2298369465.836751,8427353963.556393,203.0486440658569
58133.50000000000,2298369471.470884,8427353984.257605,203.0369920730591
58134.50000000000,2298369477.112320,8427354004.959529,203.0324487686157
58135.50000000000,2298369482.747230,8427354025.655490,203.0230050086975
58136.50000000000,2298369488.388012,8427354046.357408,203.0178103446960
58137.50000000000,2298369494.004149,8427354067.049071,202.9907660484314
58138.50000000000,2298369499.623774,8427354087.745738,202.9658455848694
58139.50000000000,2298369505.264530,8427354108.439302,202.9629020690918
58140.50000000000,2298369510.886362,8427354129.126900,202.9426622390747
58141.50000000000,2298369516.529802,8427354149.823317,202.9416251182556
58142.50000000000,2298369522.151935,8427354170.509003,202.9222073554993
58143.50000000000,2298369527.791384,8427354191.199689,202.9187417030335
58144.50000000000,2298369533.427644,8427354211.887748,202.9128041267395
58145.50000000000,2298369539.055472,8427354232.576043,202.8983697891235
58146.50000000000,2298369544.665807,8427354253.257897,202.8681983947754
58147.50000000000,2298369550.313485,8427354273.944278,202.8741364479065
58148.50000000000,2298369555.926504,8427354294.627075,202.8463926315308
58149.50000000000,2298369561.575435,8427354315.307726,202.8551464080811
58150.50000000000,2298369567.204489,8427354335.990993,202.8433094024658
58151.50000000000,2298369572.831786,8427354356.668769,202.8312125205994
58152.50000000000,2298369578.457325,8427354377.347736,202.8170332908630
58153.50000000000,2298369584.076338,8427354398.025028,202.7967853546143
58154.50000000000,2298369589.710760,8427354418.701600,202.7921419143677
58155.50000000000,2298369595.323874,8427354439.375069,202.7670373916626
58156.50000000000,2298369600.954304,8427354460.050199,202.7587952613831
58157.50000000000,2298369606.582499,8427354480.720799,202.7495541572571
58158.50000000000,2298369612.202261,8427354501.395442,202.7307772636414
58159.50000000000,2298369617.832186,8427354522.063644,202.7239193916321
58160.50000000000,2298369623.463691,8427354542.731602,202.7187085151672
58161.50000000000,2298369629.083425,8427354563.395503,202.7028331756592
58162.50000000000,2298369634.707123,8427354584.062496,202.6900792121887
58163.50000000000,2298369640.351952,8427354604.734491,202.6970911026001
58164.50000000000,2298369645.955923,8427354625.390984,202.6674728393555
58165.50000000000,2298369651.579115,8427354646.057245,202.6544122695923
58166.50000000000,2298369657.196259,8427354666.718972,202.6365394592285
58167.50000000000,2298369662.811168,8427354687.379499,202.6167593002319
58168.50000000000,2298369668.454838,8427354708.042167,202.6251559257507
58169.50000000000,2298369674.073860,8427354728.701254,202.6098818778992
58170.50000000000,2298369679.699231,8427354749.358663,202.6014142036438
58171.50000000000,2298369685.318076,8427354770.015827,202.5864872932434
58172.50000000000,2298369690.954237,8427354790.667504,202.5903720855713
58173.50000000000,2298369696.567658,8427354811.318460,202.5717139244080
58174.50000000000,2298369702.180275,8427354831.967260,202.5528407096863
58175.50000000000,2298369707.794949,8427354852.623444,202.5340094566345
58176.50000000000,2298369713.429799,8427354873.266512,202.5389318466187
58177.50000000000,2298369719.020929,8427354893.919823,202.4973416328430
58178.50000000000,2298369724.663708,8427354914.566215,202.5092859268189
58179.50000000000,2298369730.287561,8427354935.212835,202.5022425651550
58180.50000000000,2298369735.882955,8427354955.858260,202.4670662879944
58181.50000000000,2298369741.504246,8427354976.501052,202.4585051536560
58182.50000000000,2298369747.123779,8427354997.137401,202.4499430656433
58183.50000000000,2298369752.751091,8427355017.784948,202.4461054801941
58184.50000000000,2298369758.361386,8427355038.415084,202.4299998283386
58185.50000000000,2298369763.982796,8427355059.063093,202.4201345443726
58186.50000000000,2298369769.602926,8427355079.698459,202.4124374389648
58187.50000000000,2298369775.201272,8427355100.337392,202.3819828033447
58188.50000000000,2298369780.845063,8427355120.968453,202.3991217613220
58189.50000000000,2298369786.446567,8427355141.602124,202.3732604980469
58190.50000000000,2298369792.050127,8427355162.235076,202.3496513366699
58191.50000000000,2298369797.670047,8427355182.864918,202.3432517051697
58192.50000000000,2298369803.294409,8427355203.497853,202.3404488563538
58193.50000000000,2298369808.907476,8427355224.125296,202.3278493881226
58194.50000000000,2298369814.510200,8427355244.756783,202.3038048744202
58195.50000000000,2298369820.126426,8427355265.381349,202.2951488494873
58196.50000000000,2298369825.732309,8427355286.012821,202.2742671966553
58197.50000000000,2298369831.351692,8427355306.630693,202.2705945968628
58198.50000000000,2298369836.959782,8427355327.254518,202.2540044784546
58199.50000000000,2298369842.590907,8427355347.883818,202.2589569091797
58200.50000000000,2298369848.196432,8427355368.493796,202.2435789108276
58201.50000000000,2298369853.802584,8427355389.117356,202.2251234054565
58202.50000000000,2298369859.408406,8427355409.733041,202.2084856033325
58203.50000000000,2298369865.031544,8427355430.349431,202.2089719772339
58204.50000000000,2298369870.646247,8427355450.970342,202.1997909545898
58205.50000000000,2298369876.255854,8427355471.581469,202.1881804466248
58206.50000000000,2298369881.867040,8427355492.199499,202.1762676239014
58207.50000000000,2298369887.482190,8427355512.805841,202.1715064048767
58208.50000000000,2298369893.075553,8427355533.422899,202.1420345306397
58209.50000000000,2298369898.680986,8427355554.028745,202.1276922225952
58210.50000000000,2298369904.289428,8427355574.637202,202.1156458854675
58211.50000000000,2298369909.918522,8427355595.244935,202.1244492530823
58212.50000000000,2298369915.503897,8427355615.854804,202.0889506340027
58213.50000000000,2298369921.122800,8427355636.452980,202.0901689529419
58214.50000000000,2298369926.726113,8427355657.060445,202.0732650756836
58215.50000000000,2298369932.348651,8427355677.667186,202.0757822990418
58216.50000000000,2298369937.936527,8427355698.260325,202.0473475456238
58217.50000000000,2298369943.551254,8427355718.861799,202.0434904098511
58218.50000000000,2298369949.162791,8427355739.458736,202.0376815795898
58219.50000000000,2298369954.757789,8427355760.062573,202.0134506225586
58220.50000000000,2298369960.366762,8427355780.658056,202.0054736137390
58221.50000000000,2298369965.981606,8427355801.254721,202.0030455589294
58222.50000000000,2298369971.558451,8427355821.849231,201.9632062911987
58223.50000000000,2298369977.183605,8427355842.438724,201.9730439186096
58224.50000000000,2298369982.777436,8427355863.033211,201.9501967430115
58225.50000000000,2298369988.384767,8427355883.624587,201.9416980743408
58226.50000000000,2298369993.984140,8427355904.210950,201.9266080856323
58227.50000000000,2298369999.575078,8427355924.798966,201.9026327133179
58228.50000000000,2298370005.186192,8427355945.388166,201.8985099792481
58229.50000000000,2298370010.802221,8427355965.972347,201.9006719589233
58230.50000000000,2298370016.397896,8427355986.555803,201.8826770782471
58231.50000000000,2298370021.994671,8427356007.139485,201.8657207489014
58232.50000000000,2298370027.605900,8427356027.721010,201.8638062477112
58233.50000000000,2298370033.208695,8427356048.303239,201.8532657623291
58234.50000000000,2298370038.812113,8427356068.883312,201.8439369201660
58235.50000000000,2298370044.409482,8427356089.466949,201.8275871276856
58236.50000000000,2298370050.013197,8427356110.040322,201.8203825950623
58237.50000000000,2298370055.615153,8427356130.617261,201.8104453086853
58238.50000000000,2298370061.211058,8427356151.188703,201.7959575653076
58239.50000000000,2298370066.798052,8427356171.768001,201.7704153060913
58240.50000000000,2298370072.414279,8427356192.340373,201.7759957313538
58241.50000000000,2298370078.002999,8427356212.913925,201.7537469863892
58242.50000000000,2298370083.617139,8427356233.483414,201.7580265998840
58243.50000000000,2298370089.204723,8427356254.049311,201.7367296218872
58244.50000000000,2298370094.802947,8427356274.616391,201.7257490158081
58245.50000000000,2298370100.405609,8427356295.183220,201.7192764282227
58246.50000000000,2298370106.001267,8427356315.744552,201.7072978019714
58247.50000000000,2298370111.591827,8427356336.316124,201.6874299049377
58248.50000000000,2298370117.199225,8427356356.873614,201.6882400512695
58249.50000000000,2298370122.789127,8427356377.438009,201.6696705818176
58250.50000000000,2298370128.382992,8427356397.999291,201.6559128761292
58251.50000000000,2298370133.977481,8427356418.562228,201.6423282623291
58252.50000000000,2298370139.571641,8427356439.114902,201.6312141418457
58253.50000000000,2298370145.156413,8427356459.674476,201.6088290214539
58254.50000000000,2298370150.751822,8427356480.232845,201.5974097251892
58255.50000000000,2298370156.365976,8427356500.782857,201.6070156097412
58256.50000000000,2298370161.952621,8427356521.338338,201.5876197814941
58257.50000000000,2298370167.532737,8427356541.890231,201.5626745223999
58258.50000000000,2298370173.118247,8427356562.435673,201.5448818206787
58259.50000000000,2298370178.723931,8427356582.989922,201.5448617935181
58260.50000000000,2298370184.328808,8427356603.540583,201.5450134277344
58261.50000000000,2298370189.918576,8427356624.084316,201.5319442749023
58262.50000000000,2298370195.495139,8427356644.630179,201.5050897598267
58263.50000000000,2298370201.094260,8427356665.171501,201.5020322799683
58264.50000000000,2298370206.683992,8427356685.717814,201.4882249832153
58265.50000000000,2298370212.287224,8427356706.267213,201.4870748519898
58266.50000000000,2298370217.882974,8427356726.806825,201.4811124801636
58267.50000000000,2298370223.443584,8427356747.342843,201.4409909248352
58268.50000000000,2298370229.039152,8427356767.888148,201.4332938194275
58269.50000000000,2298370234.638204,8427356788.420801,201.4325313568115
58270.50000000000,2298370240.238358,8427356808.958923,201.4313793182373
58271.50000000000,2298370245.813386,8427356829.494411,201.4058198928833
58272.50000000000,2298370251.411451,8427356850.030598,201.4031062126160
58273.50000000000,2298370257.004417,8427356870.561764,201.3966636657715
58274.50000000000,2298370262.574166,8427356891.096491,201.3660326004028
58275.50000000000,2298370268.164089,8427356911.619520,201.3587651252747
58276.50000000000,2298370273.747006,8427356932.152789,201.3417005538940
58277.50000000000,2298370279.343900,8427356952.680558,201.3401117324829
58278.50000000000,2298370284.916144,8427356973.209027,201.3136825561523
58279.50000000000,2298370290.512855,8427356993.732951,201.3129596710205
58280.50000000000,2298370296.089209,8427357014.257101,201.2918181419373
58281.50000000000,2298370301.681922,8427357034.784809,201.2860655784607
58282.50000000000,2298370307.263339,8427357055.304635,201.2711658477783
58283.50000000000,2298370312.853963,8427357075.820869,201.2664532661438
58284.50000000000,2298370318.437581,8427357096.348294,201.2516822814941
58285.50000000000,2298370324.010855,8427357116.862116,201.2302784919739
58286.50000000000,2298370329.601443,8427357137.378542,201.2254772186279
58287.50000000000,2298370335.195516,8427357157.893283,201.2246208190918
58288.50000000000,2298370340.780676,8427357178.412065,201.2137498855591
58289.50000000000,2298370346.345002,8427357198.921529,201.1845850944519
58290.50000000000,2298370351.930933,8427357219.433125,201.1764440536499
58291.50000000000,2298370357.512242,8427357239.951620,201.1618008613586
58292.50000000000,2298370363.093698,8427357260.461276,201.1497139930725
58293.50000000000,2298370368.680070,8427357280.963048,201.1446938514710
58294.50000000000,2298370374.262297,8427357301.471242,201.1337766647339
58295.50000000000,2298370379.855638,8427357321.982042,201.1332626342773
58296.50000000000,2298370385.424807,8427357342.487342,201.1100778579712
58297.50000000000,2298370391.001276,8427357362.993341,201.0940008163452
58298.50000000000,2298370396.584567,8427357383.492409,201.0866374969482
58299.50000000000,2298370402.179925,8427357403.995994,201.0901093482971
58300.50000000000,2298370407.749205,8427357424.495982,201.0684828758240
58301.50000000000,2298370413.331983,8427357444.996194,201.0602941513062
58302.50000000000,2298370418.896788,8427357465.495673,201.0343317985535
58303.50000000000,2298370424.485104,8427357485.986313,201.0342917442322
58304.50000000000,2298370430.069276,8427357506.480991,201.0290055274963
58305.50000000000,2298370435.639288,8427357526.974458,201.0098910331726
58306.50000000000,2298370441.203727,8427357547.474348,200.9834504127502
58307.50000000000,2298370446.798353,8427357567.961106,200.9907784461975
58308.50000000000,2298370452.371667,8427357588.456192,200.9745240211487
58309.50000000000,2298370457.946081,8427357608.941961,200.9619102478027
58310.50000000000,2298370463.534947,8427357629.434630,200.9618663787842
58311.50000000000,2298370469.118238,8427357649.917028,200.9590482711792
58312.50000000000,2298370474.671634,8427357670.405369,200.9247155189514
58313.50000000000,2298370480.245204,8427357690.887732,200.9121870994568
58314.50000000000,2298370485.834658,8427357711.370791,200.9153509140015
58315.50000000000,2298370491.399937,8427357731.852643,200.8946709632874
58316.50000000000,2298370496.981100,8427357752.331853,200.8905944824219
58317.50000000000,2298370502.559547,8427357772.813666,200.8830928802490
58318.50000000000,2298370508.148155,8427357793.291889,200.8867306709290
58319.50000000000,2298370513.697332,8427357813.771760,200.8504886627197
58320.50000000000,2298370519.294816,8427357834.248515,200.8634023666382
58321.50000000000,2298370524.839993,8427357854.718814,200.8257713317871
58322.50000000000,2298370530.426325,8427357875.194578,200.8278040885925
58323.50000000000,2298370535.994684,8427357895.671039,200.8116736412048
58324.50000000000,2298370541.577495,8427357916.147245,200.8100643157959
58325.50000000000,2298370547.155683,8427357936.611748,200.8070244789124
58326.50000000000,2298370552.724958,8427357957.079809,200.7941012382507
58327.50000000000,2298370558.296763,8427357977.547137,200.7839069366455
58328.50000000000,2298370563.868714,8427357998.013253,200.7741904258728
58329.50000000000,2298370569.426984,8427358018.478637,200.7509922981262
58330.50000000000,2298370575.010671,8427358038.941855,200.7538018226624
58331.50000000000,2298370580.560649,8427358059.409584,200.7216720581055
58332.50000000000,2298370586.137477,8427358079.868949,200.7186732292175
58333.50000000000,2298370591.711114,8427358100.328535,200.7124223709106
58334.50000000000,2298370597.289187,8427358120.788817,200.7104191780090
58335.50000000000,2298370602.841659,8427358141.249317,200.6827540397644
58336.50000000000,2298370608.426700,8427358161.701452,200.6899399757385
58337.50000000000,2298370613.988046,8427358182.160964,200.6714191436768
58338.50000000000,2298370619.551921,8427358202.612107,200.6577100753784
58339.50000000000,2298370625.126911,8427358223.068716,200.6536245346069
58340.50000000000,2298370630.703000,8427358243.521729,200.6516194343567
58341.50000000000,2298370636.249671,8427358263.970191,200.6214370727539
58342.50000000000,2298370641.825099,8427358284.413629,200.6213822364807
58343.50000000000,2298370647.389228,8427358304.869681,200.6065883636475
58344.50000000000,2298370652.959702,8427358325.315941,200.6008090972900
58345.50000000000,2298370658.535090,8427358345.760034,200.6005358695984
58346.50000000000,2298370664.101565,8427358366.209590,200.5898590087891
58347.50000000000,2298370669.661986,8427358386.652689,200.5748896598816
58348.50000000000,2298370675.210157,8427358407.091715,200.5487804412842
58349.50000000000,2298370680.778023,8427358427.533342,200.5416569709778
58350.50000000000,2298370686.341742,8427358447.974236,200.5305871963501
58351.50000000000,2298370691.904178,8427358468.406763,200.5205154418945
58352.50000000000,2298370697.452932,8427358488.852861,200.4930610656738
58353.50000000000,2298370703.015182,8427358509.288207,200.4820342063904
58354.50000000000,2298370708.574717,8427358529.727112,200.4673233032227
58355.50000000000,2298370714.131060,8427358550.153834,200.4527416229248
58356.50000000000,2298370719.700900,8427358570.594129,200.4479560852051
58357.50000000000,2298370725.253243,8427358591.015565,200.4308156967163
58358.50000000000,2298370730.797149,8427358611.452002,200.4011483192444
58359.50000000000,2298370736.353597,8427358631.876734,200.3872156143189
58360.50000000000,2298370741.893025,8427358652.304546,200.3554220199585
58361.50000000000,2298370747.461687,8427358672.738297,200.3512425422669
58362.50000000000,2298370753.021434,8427358693.162252,200.3408203125000
58363.50000000000,2298370758.582280,8427358713.587854,200.3310475349426
58364.50000000000,2298370764.138981,8427358734.009860,200.3181099891663
58365.50000000000,2298370769.692966,8427358754.424929,200.3043489456177
58366.50000000000,2298370775.246142,8427358774.851182,200.2867288589478
58367.50000000000,2298370780.810432,8427358795.266686,200.2831540107727
58368.50000000000,2298370786.360085,8427358815.682408,200.2648825645447
58369.50000000000,2298370791.907976,8427358836.102159,200.2437510490418
58370.50000000000,2298370797.466981,8427358856.524036,200.2331528663635
58371.50000000000,2298370803.027561,8427358876.935638,200.2269320487976
58372.50000000000,2298370808.573028,8427358897.352701,200.2041091918945
58373.50000000000,2298370814.142958,8427358917.764737,200.2071204185486
58374.50000000000,2298370819.684901,8427358938.174604,200.1827363967896
58375.50000000000,2298370825.251308,8427358958.585166,200.1826267242432
58376.50000000000,2298370830.788297,8427358978.998327,200.1523895263672
58377.50000000000,2298370836.346411,8427358999.395014,200.1477708816528
58378.50000000000,2298370841.896566,8427359019.807179,200.1309719085693
58379.50000000000,2298370847.471183,8427359040.210498,200.1410474777222
58380.50000000000,2298370853.011614,8427359060.615463,200.1164879798889
58381.50000000000,2298370858.559820,8427359081.021123,200.0995140075684
58382.50000000000,2298370864.127721,8427359101.419368,200.1042575836182
58383.50000000000,2298370869.683369,8427359121.819260,200.0962982177734
58384.50000000000,2298370875.219613,8427359142.216029,200.0697865486145
58385.50000000000,2298370880.784613,8427359162.615876,200.0711922645569
58386.50000000000,2298370886.343081,8427359183.009261,200.0678277015686
58387.50000000000,2298370891.893588,8427359203.405249,200.0557932853699
58388.50000000000,2298370897.448533,8427359223.797157,200.0493078231812
58389.50000000000,2298370903.011728,8427359244.189283,200.0510144233704
58390.50000000000,2298370908.581744,8427359264.582578,200.0592231750488
58391.50000000000,2298370914.121865,8427359284.968934,200.0394282341003
58392.50000000000,2298370919.691218,8427359305.358845,200.0478973388672
58393.50000000000,2298370925.271684,8427359325.744200,200.0687203407288
58394.50000000000,2298370930.854679,8427359346.129773,200.0920138359070
58395.50000000000,2298370936.454031,8427359366.513176,200.1322555541992
58396.50000000000,2298370942.048760,8427359386.891070,200.1693768501282
58397.50000000000,2298370947.621222,8427359407.274903,200.1826124191284
58398.50000000000,2298370953.189538,8427359427.659428,200.1915125846863
58399.50000000000,2298370958.697441,8427359448.041306,200.1407217979431
58400.50000000000,2298370964.117750,8427359468.419583,200.0033183097839
58401.50000000000,2298370969.741338,8427359488.797122,200.0693955421448
58402.50000000000,2298370975.512412,8427359509.175828,200.2826409339905
58403.50000000000,2298370980.656114,8427359529.549503,199.8698859214783
58404.50000000000,2298370986.003571,8427359549.920056,199.6617369651794
58405.50000000000,2298370991.815611,8427359570.293207,199.9174637794495
58406.50000000000,2298370997.375550,8427359590.665144,199.9214196205139
58407.50000000000,2298371002.742991,8427359611.036337,199.7330808639526
58408.50000000000,2298371009.698922,8427359631.400594,201.1351237297058
58409.50000000000,2298371013.634234,8427359651.770786,199.5149288177490
58410.50000000000,2298371018.788009,8427359672.138809,199.1137881278992
58411.50000000000,2298371024.893697,8427359692.508954,199.6639823913574
58412.50000000000,2298371030.173171,8427359712.868344,199.3908953666687
58413.50000000000,2298371036.220497,8427359733.232718,199.8843016624451
58414.50000000000,2298371042.218854,8427359753.593011,200.3298506736755
58415.50000000000,2298371046.790659,8427359773.958287,199.3474893569946
58416.50000000000,2298371052.665803,8427359794.315671,199.6706199645996
58417.50000000000,2298371059.735570,8427359814.674700,201.1879253387451
58418.50000000000,2298371065.250040,8427359835.037278,201.1489639282227
58419.50000000000,2298371066.969505,8427359855.391011,197.3174114227295
58420.50000000000,2298371075.082073,8427359875.743527,199.8792924880981
58421.50000000000,2298371080.552153,8427359896.101977,199.7970681190491
58422.50000000000,2298371086.854458,8427359916.450627,200.5497412681580
58423.50000000000,2298371094.142054,8427359936.810458,202.2846565246582
58424.50000000000,2298371094.900940,8427359957.156673,197.4945750236511
58425.50000000000,2298371104.601143,8427359977.507871,201.6444516181946
58426.50000000000,2298371107.429314,8427359997.859757,198.9221081733704
58427.50000000000,2298371112.921720,8427360018.206611,198.8653717041016
58428.50000000000,2298371117.275105,8427360038.558444,197.6682567596436
58429.50000000000,2298371125.742310,8427360058.909062,200.5852928161621
58430.50000000000,2298371128.609206,8427360079.259415,197.9020929336548
58431.50000000000,2298371135.312401,8427360099.619517,199.0525326728821
58432.50000000000,2298371141.750619,8427360119.968388,199.9410591125488
58433.50000000000,2298371146.031772,8427360140.315564,198.6729817390442
58434.50000000000,2298371153.546023,8427360160.657230,200.6395063400269
58435.50000000000,2298371156.364051,8427360180.983373,197.9140400886536
58436.50000000000,2298371163.718851,8427360201.284455,199.7321815490723
58437.50000000000,2298371168.797375,8427360221.635818,199.2603335380554
58438.50000000000,2298371173.100229,8427360242.034122,198.0000143051148
58439.50000000000,2298371179.611462,8427360262.260024,198.9950914382935
58440.50000000000,2298371185.203972,8427360282.532391,199.0587744712830
58441.50000000000,2298371190.841449,8427360302.935144,199.1318645477295
58442.50000000000,2298371197.131861,8427360323.268971,199.8766870498657
58443.50000000000,2298371201.507440,8427360343.545786,198.7222256660461
58444.50000000000,2298371208.196776,8427360364.225267,199.7717032432556
58445.50000000000,2298371213.851996,8427360384.132958,199.9975533485413
58446.50000000000,2298371220.102454,8427360404.380845,200.7258601188660
58447.50000000000,2298371223.066217,8427360424.831122,198.1122751235962
58448.50000000000,2298371229.489101,8427360445.075618,199.0139331817627
58449.50000000000,2298371234.510228,8427360465.529181,198.4568152427673
58450.50000000000,2298371241.440755,8427360486.002029,199.8038387298584
58451.50000000000,2298371247.436349,8427360506.034011,200.3361644744873
58452.50000000000,2298371251.927666,8427360526.442431,199.2615485191345
58453.50000000000,2298371258.149568,8427360547.015571,199.8725943565369
58454.50000000000,2298371262.925845,8427360567.750567,198.9938721656799
58455.50000000000,2298371268.651172,8427360586.723863,199.5446643829346
58456.50000000000,2298371272.871743,8427360607.759689,198.0281915664673
58457.50000000000,2298371279.573921,8427360628.054722,199.1953601837158
58458.50000000000,2298371285.118004,8427360648.495401,199.1647133827210
58459.50000000000,2298371290.054741,8427360669.518509,198.3678755760193
58460.50000000000,2298371296.305786,8427360690.219961,198.9730696678162
58461.50000000000,2298371301.959497,8427360708.279472,199.7014589309692
58462.50000000000,2298371306.895711,8427360729.395717,198.8786978721619
58463.50000000000,2298371312.901140,8427360749.624781,199.3671088218689
58464.50000000000,2298371318.424630,8427360769.975170,199.3404927253723
58465.50000000000,2298371323.775171,8427360791.071544,198.9374771118164
58466.50000000000,2298371329.022668,8427360809.642319,199.1202178001404
58467.50000000000,2298371334.860233,8427360830.913636,199.1565146446228
58468.50000000000,2298371341.704965,8427360851.495177,200.3880982398987
58469.50000000000,2298371345.292275,8427360871.406974,198.5449190139771
58470.50000000000,2298371351.611052,8427360892.269794,199.1738352775574
58471.50000000000,2298371357.285699,8427360911.950267,199.4810810089111
58472.50000000000,2298371362.013531,8427360932.566505,198.5863022804260
58473.50000000000,2298371367.997861,8427360952.748554,199.0664377212524
58474.50000000000,2298371373.542228,8427360972.718618,199.1644234657288
58475.50000000000,2298371379.151094,8427360993.293526,199.1619505882263
58476.50000000000,2298371383.481077,8427361013.545343,197.9687104225159
58477.50000000000,2298371390.453978,8427361033.897032,199.3911514282227
58478.50000000000,2298371395.469567,8427361054.389120,198.8179893493652
58479.50000000000,2298371400.650589,8427361074.664931,198.4692444801331
58480.50000000000,2298371406.613563,8427361094.814114,198.9369864463806
58481.50000000000,2298371412.012975,8427361115.269160,198.7577495574951
58482.50000000000,2298371417.335046,8427361135.697713,198.5083971023560
58483.50000000000,2298371423.800105,8427361155.381652,199.6051092147827
58484.50000000000,2298371428.390182,8427361175.805378,198.6250791549683
58485.50000000000,2298371433.159299,8427361195.944638,197.9016704559326
